,0
?,261
I,192
this,154
Can,135
to,79
item,77
eligible,52
Is,52
get,46
loan,41
Do,41
my,38
for,38
zero,36
apply,36
the,30
need,29
Statutory,28
Leave,28
Maternity,28
use,26
from,24
calculator,22
Should,22
benefits,22
independent,22
an,22
information,20
a,20
about,20
child,15
have,14
Pension,13
display,13
sign,13
State,13
travel,12
VA-financed,11
care,11
health,11
products,10
made,10
export,10
animal,10
pay,9
Additional,9
return,7
zero-rate,7
medical,7
equipment,7
United,7
document,7
be,7
marijuana,7
here,7
retail,7
States,7
May,7
consume,7
able,7
refugee,7
upload,6
attachment,6
on,5
qualify,5
reimburse,5
doctor,5
VA,5
and,5
federal,5
tax,5
government,5
pension,5
UK,5
grant,5
safety,4
Does,4
electronic,4
claim,4
device,4
portable,4
seat,4
federally-approved,4
final,4
register,4
automatically,4
take,4
kid,4
in,4
ride,4
employer,4
SMP,4
money,4
extra,3
spouse,3
months,1
of,1
3,1
estate,1
up,1
basic,1
